{
    "dt_roc_auc": [
        {
            "name_model": "Decicion Tree",
            "fpr": [
                0.0,
                0.012987012987012988,
                0.012987012987012988,
                0.05194805194805195,
                0.14285714285714285,
                0.23376623376623376,
                0.2727272727272727,
                0.2987012987012987,
                1.0
            ],
            "tpr": [
                0.0,
                0.5607476635514018,
                0.6261682242990654,
                0.6635514018691588,
                0.822429906542056,
                0.8691588785046729,
                0.9065420560747663,
                0.9252336448598131,
                1.0
            ],
            "roc_auc": 0.9066634300279159
        }
    ],
    "svm_roc_auc": [
        {
            "name_model": "SVM",
            "fpr": [
                0.0,
                0.17254901960784313,
                1.0
            ],
            "tpr": [
                0.0,
                0.8445945945945946,
                1.0
            ],
            "roc_auc": 0.8360227874933758
        }
    ],
    "lr_roc_auc": [
        {
            "name_model": "Logistic Regresion",
            "fpr": [
                0.0,
                0.0,
                0.0,
                0.008928571428571428,
                0.008928571428571428,
                0.017857142857142856,
                0.017857142857142856,
                0.03571428571428571,
                0.03571428571428571,
                0.044642857142857144,
                0.044642857142857144,
                0.05357142857142857,
                0.05357142857142857,
                0.0625,
                0.0625,
                0.07142857142857142,
                0.07142857142857142,
                0.08035714285714286,
                0.08035714285714286,
                0.09821428571428571,
                0.09821428571428571,
                0.10714285714285714,
                0.10714285714285714,
                0.11607142857142858,
                0.11607142857142858,
                0.13392857142857142,
                0.13392857142857142,
                0.14285714285714285,
                0.14285714285714285,
                0.15178571428571427,
                0.15178571428571427,
                0.16071428571428573,
                0.16071428571428573,
                0.16964285714285715,
                0.16964285714285715,
                0.17857142857142858,
                0.17857142857142858,
                0.1875,
                0.1875,
                0.19642857142857142,
                0.19642857142857142,
                0.21428571428571427,
                0.21428571428571427,
                0.25,
                0.25,
                0.25892857142857145,
                0.25892857142857145,
                0.26785714285714285,
                0.26785714285714285,
                0.4107142857142857,
                0.4107142857142857,
                0.45535714285714285,
                0.45535714285714285,
                0.5982142857142857,
                0.5982142857142857,
                0.8303571428571429,
                0.8303571428571429,
                1.0
            ],
            "tpr": [
                0.0,
                0.00847457627118644,
                0.2966101694915254,
                0.2966101694915254,
                0.3389830508474576,
                0.3389830508474576,
                0.3474576271186441,
                0.3474576271186441,
                0.4067796610169492,
                0.4067796610169492,
                0.5932203389830508,
                0.5932203389830508,
                0.6016949152542372,
                0.6016949152542372,
                0.6271186440677966,
                0.6271186440677966,
                0.635593220338983,
                0.635593220338983,
                0.7033898305084746,
                0.7033898305084746,
                0.711864406779661,
                0.711864406779661,
                0.7203389830508474,
                0.7203389830508474,
                0.7796610169491526,
                0.7796610169491526,
                0.788135593220339,
                0.788135593220339,
                0.8305084745762712,
                0.8305084745762712,
                0.8559322033898306,
                0.8559322033898306,
                0.864406779661017,
                0.864406779661017,
                0.8813559322033898,
                0.8813559322033898,
                0.8898305084745762,
                0.8898305084745762,
                0.9067796610169492,
                0.9067796610169492,
                0.9152542372881356,
                0.9152542372881356,
                0.923728813559322,
                0.923728813559322,
                0.9322033898305084,
                0.9322033898305084,
                0.940677966101695,
                0.940677966101695,
                0.9661016949152542,
                0.9661016949152542,
                0.9745762711864406,
                0.9745762711864406,
                0.9830508474576272,
                0.9830508474576272,
                0.9915254237288136,
                0.9915254237288136,
                1.0,
                1.0
            ],
            "roc_auc": 0.9182808716707022
        }
    ],
    "rd_roc_auc": [
        {
            "name_model": "Random Florest",
            "fpr": [
                0.0,
                0.0,
                0.0,
                0.009708737864077669,
                0.009708737864077669,
                0.019417475728155338,
                0.019417475728155338,
                0.02912621359223301,
                0.02912621359223301,
                0.038834951456310676,
                0.038834951456310676,
                0.04854368932038835,
                0.04854368932038835,
                0.05825242718446602,
                0.05825242718446602,
                0.07766990291262135,
                0.07766990291262135,
                0.08737864077669903,
                0.08737864077669903,
                0.1262135922330097,
                0.1262135922330097,
                0.1553398058252427,
                0.1553398058252427,
                0.18446601941747573,
                0.18446601941747573,
                0.1941747572815534,
                0.1941747572815534,
                0.2912621359223301,
                0.2912621359223301,
                0.32038834951456313,
                0.32038834951456313,
                0.33980582524271846,
                0.33980582524271846,
                0.3786407766990291,
                0.3786407766990291,
                0.5922330097087378,
                0.5922330097087378,
                0.6213592233009708,
                0.6213592233009708,
                1.0
            ],